step,rank,stage,dp_rank,compute_s,fwd_s,bwd_s,fb_corr
16,0,0,0,44.80378,17.497286,27.306494,0.952494
16,4,0,1,18.67027,6.84217,11.8281,0.934836
16,8,0,2,18.824245,6.889592,11.934653,0.807021
16,12,0,3,18.786074,6.877708,11.908365,0.956875
16,16,1,0,19.075571,6.89139,12.184183,0.87439
16,20,1,1,18.82365,6.886874,11.936776,0.901073
16,24,1,2,18.8313,6.881996,11.949305,0.811674
16,28,1,3,18.757921,6.870602,11.88732,0.854146
16,32,2,0,19.040806,6.887233,12.153574,0.887656
16,36,2,1,18.733902,6.863991,11.86991,0.877547
16,40,2,2,18.696259,6.866312,11.829947,0.762634
16,44,2,3,18.65731,6.845498,11.811812,0.865673
16,48,3,0,19.727478,7.34997,12.377507,0.906988
16,52,3,1,19.50098,7.336233,12.164748,0.939422
16,56,3,2,19.453968,7.310958,12.143009,0.952631
16,60,3,3,19.411358,7.315034,12.096323,0.960258
21,0,0,0,44.493713,17.43682,27.056892,0.892165
21,4,0,1,18.882338,6.886164,11.996174,0.777105
21,8,0,2,18.872314,6.894552,11.977761,0.887861
21,12,0,3,18.813812,6.873945,11.939868,0.934327
21,16,1,0,18.834728,6.851756,11.982973,0.831769
21,20,1,1,19.015774,6.92287,12.092904,0.651581
21,24,1,2,18.888247,6.877884,12.010363,0.877611
21,28,1,3,18.747217,6.858621,11.888596,0.887656
21,32,2,0,18.790514,6.848455,11.942059,0.881949
21,36,2,1,18.909504,6.903786,12.005717,0.778223
21,40,2,2,18.722015,6.862706,11.859308,0.862497
21,44,2,3,18.63985,6.83391,11.805941,0.90172
21,48,3,0,19.599054,7.309676,12.289378,0.89205
21,52,3,1,19.678923,7.361089,12.317834,0.80642
21,56,3,2,19.490723,7.309765,12.180957,0.857871
21,60,3,3,19.42679,7.302572,12.124218,0.945052
27,0,0,0,44.72896,17.438066,27.29089,0.853763
27,4,0,1,18.832005,6.884072,11.947932,0.850291
27,8,0,2,18.86559,6.877227,11.988363,0.854118
27,12,0,3,18.903387,6.905009,11.99838,0.853975
27,16,1,0,19.010834,6.860042,12.150792,0.782792
27,20,1,1,19.01903,6.911631,12.107398,0.823567
27,24,1,2,18.926722,6.860988,12.065734,0.685373
27,28,1,3,18.891766,6.885758,12.006008,0.634647
27,32,2,0,18.951958,6.867474,12.084484,0.783358
27,36,2,1,18.91355,6.897708,12.015841,0.842966
27,40,2,2,18.706156,6.838718,11.867437,0.689546
27,44,2,3,18.741535,6.870312,11.871223,0.660731
27,48,3,0,19.68762,7.312543,12.375077,0.889582
27,52,3,1,19.620441,7.342901,12.277541,0.927327
27,56,3,2,19.495686,7.292958,12.202727,0.762775
27,60,3,3,19.529936,7.327143,12.202793,0.845885
29,0,0,0,44.475582,17.37943,27.096153,0.785303
29,4,0,1,18.850176,6.878104,11.972072,0.772742
29,8,0,2,19.048302,6.930677,12.117624,0.743863
29,12,0,3,19.025528,6.92705,12.098479,0.866503
29,16,1,0,18.870018,6.816885,12.053134,0.746326
29,20,1,1,19.0245,6.91034,12.11416,0.745425
29,24,1,2,19.135738,6.917154,12.218584,0.790765
29,28,1,3,19.045918,6.915842,12.130075,0.694685
29,32,2,0,18.79569,6.81491,11.98078,0.740007
29,36,2,1,18.879894,6.886928,11.992967,0.793689
29,40,2,2,18.940336,6.890535,12.049801,0.72902
29,44,2,3,18.887003,6.887614,11.999386,0.839115
29,48,3,0,19.55728,7.271296,12.285984,0.734496
29,52,3,1,19.616985,7.338288,12.278697,0.810681
29,56,3,2,19.660297,7.339697,12.320601,0.792971
29,60,3,3,19.638783,7.34373,12.295052,0.875229
34,0,0,0,45.12592,17.516026,27.609894,0.751406
34,4,0,1,18.926886,6.894243,12.032642,0.889007
34,8,0,2,19.20298,6.955334,12.247645,0.541238
34,12,0,3,19.027597,6.897054,12.130543,0.876772
34,16,1,0,19.12104,6.912092,12.20895,0.581788
34,20,1,1,19.02674,6.907106,12.119633,0.871862
34,24,1,2,19.184242,6.918318,12.265924,0.762441
34,28,1,3,18.993984,6.87669,12.117293,0.811151
34,32,2,0,19.093958,6.913848,12.180109,0.528329
34,36,2,1,18.92796,6.89565,12.032309,0.83854
34,40,2,2,18.98883,6.901811,12.087019,0.768731
34,44,2,3,18.872759,6.84684,12.025919,0.871209
34,48,3,0,19.900455,7.373351,12.527103,0.707817
34,52,3,1,19.719604,7.363419,12.356185,0.834658
34,56,3,2,19.696842,7.340647,12.356194,0.826337
34,60,3,3,19.539026,7.313848,12.225178,0.89226
35,0,0,0,44.75123,17.4054,27.34583,0.821857
35,4,0,1,19.042744,6.893615,12.149128,0.768158
35,8,0,2,19.152956,6.916291,12.236665,0.741348
35,12,0,3,18.909334,6.86743,12.041904,0.849951
35,16,1,0,18.924644,6.836409,12.088236,0.719241
35,20,1,1,19.13461,6.922718,12.211892,0.774286
35,24,1,2,19.107334,6.896351,12.210983,0.755168
35,28,1,3,18.850927,6.842422,12.008506,0.784186
35,32,2,0,18.911938,6.833942,12.077995,0.646195
35,36,2,1,19.134441,6.90281,12.23163,0.752678
35,40,2,2,18.965157,6.873856,12.091299,0.726189
35,44,2,3,18.723522,6.825948,11.897573,0.819637
35,48,3,0,19.705517,7.305714,12.399803,0.791941
35,52,3,1,19.777554,7.369214,12.40834,0.879695
35,56,3,2,19.67189,7.328956,12.342936,0.815345
35,60,3,3,19.425982,7.285992,12.13999,0.893469
39,0,0,0,45.062424,17.427711,27.63471,0.875779
39,4,0,1,19.028234,6.88031,12.147924,0.805275
39,8,0,2,19.092266,6.889556,12.202711,0.921542
39,12,0,3,19.080978,6.897284,12.183694,0.841513
39,16,1,0,18.981785,6.86277,12.119014,0.823255
39,20,1,1,18.89474,6.88505,12.009688,0.813659
39,24,1,2,18.870512,6.85909,12.011422,0.905841
39,28,1,3,18.82577,6.861271,11.964499,0.844435
39,32,2,0,18.845291,6.853524,11.991768,0.864482
39,36,2,1,18.74403,6.85727,11.88676,0.862472
39,40,2,2,18.660172,6.834839,11.825334,0.902928
39,44,2,3,18.670849,6.824958,11.845891,0.774295
39,48,3,0,19.61897,7.310049,12.308922,0.87522
39,52,3,1,19.51996,7.322792,12.197167,0.938028
39,56,3,2,19.428392,7.28516,12.143232,0.912474
39,60,3,3,19.429354,7.313755,12.115599,0.544381
404,0,0,0,45.420097,17.454391,27.965706,0.98688
404,4,0,1,19.185337,6.93392,12.251416,0.957962
404,8,0,2,19.157633,6.927396,12.230236,0.932565
404,12,0,3,19.29224,6.965005,12.327234,0.886642
404,16,1,0,19.237911,6.940058,12.297853,0.939992
404,20,1,1,19.273565,6.99461,12.278955,0.908242
404,24,1,2,19.113861,6.932155,12.181707,0.906552
404,28,1,3,19.163635,6.95063,12.213005,0.909054
404,32,2,0,19.277721,6.941398,12.336324,0.962492
404,36,2,1,19.236189,6.975006,12.261182,0.953062
404,40,2,2,18.995129,6.896742,12.098387,0.959677
404,44,2,3,19.09998,6.921058,12.178923,0.919195
404,48,3,0,20.248466,7.421671,12.826797,0.910285
404,52,3,1,20.18358,7.434603,12.748978,0.93877
404,56,3,2,19.970308,7.368008,12.602301,0.946039
404,60,3,3,20.055588,7.403476,12.652111,0.916463
408,0,0,0,45.684357,17.49854,28.185818,0.966596
408,4,0,1,19.114626,6.933086,12.18154,0.828431
408,8,0,2,19.240444,6.954754,12.28569,0.933821
408,12,0,3,19.323357,6.976295,12.347061,0.933052
408,16,1,0,19.392353,6.978003,12.414351,0.965186
408,20,1,1,19.209084,6.980598,12.228485,0.88787
408,24,1,2,19.195969,6.948841,12.247128,0.933541
408,28,1,3,19.213081,6.965062,12.248019,0.943801
408,32,2,0,19.401379,6.98108,12.4203,0.954781
408,36,2,1,19.141653,6.956808,12.184844,0.906519
408,40,2,2,19.075962,6.922969,12.152994,0.946377
408,44,2,3,19.157791,6.946018,12.211774,0.920297
408,48,3,0,20.358753,7.452002,12.906752,0.90844
408,52,3,1,20.102108,7.428028,12.674079,0.892664
408,56,3,2,20.031912,7.392968,12.638944,0.906933
408,60,3,3,20.068417,7.410336,12.658081,0.938705
413,0,0,0,45.36084,17.435574,27.925264,0.952965
413,4,0,1,19.31768,6.974018,12.343662,0.919878
413,8,0,2,19.21101,6.948357,12.262653,0.898456
413,12,0,3,19.385082,6.99209,12.392994,0.889676
413,16,1,0,19.227749,6.932065,12.295683,0.945235
413,20,1,1,19.461613,7.043784,12.41783,0.930086
413,24,1,2,19.15117,6.938324,12.212848,0.925878
413,28,1,3,19.281654,6.983618,12.298037,0.875806
413,32,2,0,19.200577,6.927416,12.273161,0.945223
413,36,2,1,19.371819,7.006778,12.365042,0.940431
413,40,2,2,19.065018,6.924822,12.140196,0.916061
413,44,2,3,19.22179,6.955835,12.265955,0.916161
413,48,3,0,20.179522,7.402318,12.777204,0.938973
413,52,3,1,20.303595,7.483042,12.820553,0.889033
413,56,3,2,20.0115,7.383292,12.628207,0.95094
413,60,3,3,20.139782,7.4274,12.712382,0.922772
414,0,0,0,45.70024,17.50264,28.197603,0.976081
414,4,0,1,19.159428,6.936766,12.22266,0.926378
414,8,0,2,19.217014,6.955688,12.261327,0.897544
414,12,0,3,19.392527,6.99944,12.393085,0.922638
414,16,1,0,19.350744,6.970398,12.380346,0.953378
414,20,1,1,19.230112,6.978536,12.251576,0.929418
414,24,1,2,19.165821,6.942576,12.223248,0.926902
414,28,1,3,19.29657,6.986506,12.310062,0.947397
414,32,2,0,19.40132,6.97428,12.42704,0.961172
414,36,2,1,19.210379,6.971254,12.239124,0.951288
414,40,2,2,19.061644,6.921034,12.14061,0.932243
414,44,2,3,19.251488,6.970846,12.280641,0.887054
414,48,3,0,20.368977,7.448428,12.920548,0.940357
414,52,3,1,20.171633,7.446188,12.725445,0.919961
414,56,3,2,20.003792,7.386542,12.617249,0.874503
414,60,3,3,20.162891,7.440159,12.722733,0.890684
415,0,0,0,45.420338,17.446238,27.9741,0.972981
415,4,0,1,19.249386,6.969889,12.279497,0.845603
415,8,0,2,19.211662,6.949409,12.262254,0.893061
415,12,0,3,19.3311,6.976882,12.354218,0.939589
415,16,1,0,19.181595,6.919406,12.262189,0.976283
415,20,1,1,19.241253,6.969178,12.272076,0.950911
415,24,1,2,19.176027,6.948254,12.227773,0.906562
415,28,1,3,19.22337,6.970427,12.252943,0.948947
415,32,2,0,19.238398,6.93691,12.301487,0.952332
415,36,2,1,19.27708,6.984754,12.292326,0.962278
415,40,2,2,19.048279,6.919906,12.128373,0.923718
415,44,2,3,19.142635,6.936338,12.206298,0.943872
415,48,3,0,20.195236,7.39963,12.795606,0.932458
415,52,3,1,20.22168,7.461835,12.759846,0.894417
415,56,3,2,20.001501,7.392775,12.608727,0.911904
415,60,3,3,20.076021,7.416629,12.659392,0.957289
416,0,0,0,45.139053,17.397247,27.741804,0.949533
416,4,0,1,19.269085,6.957995,12.31109,0.929306
416,8,0,2,19.303032,6.96632,12.336711,0.949879
416,12,0,3,19.249126,6.964132,12.284996,0.911985
416,16,1,0,19.070257,6.892786,12.17747,0.945244
416,20,1,1,19.286093,6.979994,12.306099,0.935529
416,24,1,2,19.26819,6.962616,12.305574,0.94624
416,28,1,3,19.128962,6.943512,12.18545,0.949903
416,32,2,0,19.116613,6.900947,12.215667,0.933755
416,36,2,1,19.307095,6.990489,12.316607,0.935315
416,40,2,2,19.161812,6.948308,12.213505,0.953781
416,44,2,3,19.06177,6.914458,12.147311,0.954028
416,48,3,0,20.014917,7.365318,12.6496,0.90978
416,52,3,1,20.204086,7.447216,12.756871,0.931139
416,56,3,2,20.075424,7.406988,12.668437,0.933578
416,60,3,3,19.986382,7.39179,12.594591,0.952515
419,0,0,0,45.196297,17.409372,27.786922,0.958153
419,4,0,1,19.317017,6.980634,12.336382,0.944435
419,8,0,2,19.21428,6.952226,12.262053,0.941503
419,12,0,3,19.391827,6.995424,12.396403,0.918823
419,16,1,0,19.12826,6.904345,12.223914,0.976873
419,20,1,1,19.42405,7.028886,12.395164,0.920931
419,24,1,2,19.174591,6.948568,12.226025,0.958103
419,28,1,3,19.311209,6.992586,12.318622,0.919632
419,32,2,0,19.171772,6.913204,12.258567,0.963544
419,36,2,1,19.393147,7.014551,12.378594,0.945351
419,40,2,2,19.054241,6.921434,12.132808,0.952316
419,44,2,3,19.230202,6.9654,12.264803,0.924082
419,48,3,0,20.12329,7.384129,12.73916,0.888637
419,52,3,1,20.284678,7.476631,12.808046,0.934579
419,56,3,2,20.00536,7.394992,12.610368,0.859836
419,60,3,3,20.137035,7.435439,12.701597,0.96121
420,0,0,0,45.588593,17.480278,28.108315,0.977997
420,4,0,1,19.37046,6.994049,12.376412,0.88539
420,8,0,2,19.292233,6.971416,12.320816,0.937886
420,12,0,3,19.205578,6.948979,12.256599,0.928694
420,16,1,0,19.318354,6.95651,12.361844,0.960845
420,20,1,1,19.461472,7.039698,12.421774,0.91494
420,24,1,2,19.249285,6.970673,12.278611,0.964752
420,28,1,3,19.115705,6.944182,12.171524,0.926061
420,32,2,0,19.362366,6.965552,12.396813,0.961016
420,36,2,1,19.44588,7.03263,12.413251,0.924621
420,40,2,2,19.127565,6.94255,12.185016,0.934777
420,44,2,3,19.031345,6.907031,12.124313,0.934562
420,48,3,0,20.313784,7.435024,12.878759,0.948402
420,52,3,1,20.350407,7.49311,12.857298,0.903779
420,56,3,2,20.06643,7.403004,12.663424,0.949004
420,60,3,3,19.961468,7.384864,12.576603,0.922976
421,0,0,0,45.346855,17.44748,27.899378,0.974338
421,4,0,1,19.209904,6.949472,12.26043,0.900114
421,8,0,2,19.305061,6.97486,12.330201,0.914366
421,12,0,3,19.299597,6.970942,12.328654,0.908282
421,16,1,0,19.200005,6.929782,12.270223,0.967171
421,20,1,1,19.30285,7.006251,12.296599,0.902344
421,24,1,2,19.268486,6.973158,12.295329,0.917628
421,28,1,3,19.21663,6.970764,12.245865,0.92142
421,32,2,0,19.229507,6.942982,12.286526,0.956503
421,36,2,1,19.269464,6.988138,12.281326,0.947221
421,40,2,2,19.145279,6.948852,12.196427,0.929993
421,44,2,3,19.112389,6.927295,12.185093,0.917101
421,48,3,0,20.21027,7.414533,12.795736,0.938689
421,52,3,1,20.198017,7.454272,12.743745,0.940279
421,56,3,2,20.08453,7.404972,12.679557,0.952566
421,60,3,3,20.051884,7.408087,12.643798,0.941752
422,0,0,0,45.352135,17.436348,27.915789,0.977514
422,4,0,1,19.283295,6.969494,12.313801,0.936809
422,8,0,2,19.371622,6.996412,12.37521,0.857412
422,12,0,3,19.289108,6.967754,12.321355,0.903539
422,16,1,0,19.216175,6.924861,12.291314,0.970103
422,20,1,1,19.391562,7.019886,12.371675,0.916285
422,24,1,2,19.323095,6.988532,12.334563,0.884983
422,28,1,3,19.17596,6.955968,12.219992,0.947188
422,32,2,0,19.249996,6.938511,12.311486,0.968543
422,36,2,1,19.354656,7.014746,12.339911,0.856367
422,40,2,2,19.216171,6.97,12.246172,0.925271
422,44,2,3,19.122211,6.943973,12.178239,0.919891
422,48,3,0,20.241701,7.410938,12.830763,0.935492
422,52,3,1,20.281815,7.474936,12.806879,0.914372
422,56,3,2,20.137886,7.424248,12.713638,0.942977
422,60,3,3,20.056335,7.417599,12.638736,0.846668
423,0,0,0,45.29795,17.430187,27.867765,0.974967
423,4,0,1,19.23101,6.952832,12.27818,0.880913
423,8,0,2,19.182167,6.938536,12.243631,0.939766
423,12,0,3,19.373507,6.995398,12.378109,0.800864
423,16,1,0,19.18989,6.921212,12.268678,0.965206
423,20,1,1,19.332275,7.005389,12.326887,0.883413
423,24,1,2,19.137482,6.934944,12.202538,0.945454
423,28,1,3,19.291504,6.991313,12.30019,0.784264
423,32,2,0,19.22536,6.926086,12.299275,0.96503
423,36,2,1,19.293371,6.985634,12.307737,0.912221
423,40,2,2,19.030622,6.917155,12.113467,0.874615
423,44,2,3,19.21037,6.956016,12.254353,0.876933
423,48,3,0,20.187668,7.405044,12.782624,0.95088
423,52,3,1,20.23431,7.457258,12.777053,0.953693
423,56,3,2,19.975145,7.375561,12.599585,0.9194
423,60,3,3,20.128107,7.429656,12.698454,0.917029
431,0,0,0,45.120228,17.394335,27.725895,0.948115
431,4,0,1,19.231419,6.94538,12.286038,0.927259
431,8,0,2,19.201763,6.941535,12.260229,0.964161
431,12,0,3,19.398314,6.99403,12.404284,0.8918
431,16,1,0,19.091625,6.90105,12.190574,0.934549
431,20,1,1,19.332638,7.00308,12.329557,0.955914
431,24,1,2,19.155931,6.93806,12.217872,0.955218
431,28,1,3,19.305346,6.981988,12.323358,0.919491
431,32,2,0,19.1006,6.907586,12.193013,0.919885
431,36,2,1,19.270124,6.975471,12.294654,0.949053
431,40,2,2,19.016579,6.909944,12.106634,0.963446
431,44,2,3,19.226427,6.955316,12.271111,0.950413
431,48,3,0,20.131674,7.39519,12.736485,0.826457
431,52,3,1,20.219881,7.44929,12.770592,0.952777
431,56,3,2,19.978598,7.372438,12.60616,0.971538
431,60,3,3,20.1433,7.431208,12.712092,0.962635
435,0,0,0,45.44818,17.4662,27.981981,0.979317
435,4,0,1,19.230099,6.951648,12.278451,0.941569
435,8,0,2,19.316393,6.97926,12.337132,0.901336
435,12,0,3,19.644484,7.0684,12.576084,0.849729
435,16,1,0,19.278511,6.949356,12.329157,0.964203
435,20,1,1,19.330736,7.012438,12.318297,0.940008
435,24,1,2,19.289316,6.98481,12.304506,0.902882
435,28,1,3,19.564312,7.059726,12.504586,0.843285
435,32,2,0,19.32005,6.962179,12.357869,0.938571
435,36,2,1,19.299265,6.997498,12.301766,0.923444
435,40,2,2,19.152252,6.957167,12.195086,0.901894
435,44,2,3,19.489662,7.032396,12.457266,0.771127
435,48,3,0,20.206348,7.412292,12.794058,0.894863
435,52,3,1,20.184414,7.444924,12.739491,0.937748
435,56,3,2,20.099709,7.412662,12.687047,0.918878
435,60,3,3,20.36834,7.490116,12.878223,0.812985
439,0,0,0,45.298943,17.42902,27.86992,0.938757
439,4,0,1,19.245659,6.969558,12.276101,0.887693
439,8,0,2,19.207401,6.952028,12.255374,0.864832
439,12,0,3,19.40853,7.005982,12.402547,0.886828
439,16,1,0,19.1942,6.928698,12.265503,0.926257
439,20,1,1,19.365883,7.017603,12.348281,0.912551
439,24,1,2,19.189896,6.955156,12.234739,0.828275
439,28,1,3,19.319307,6.993454,12.325853,0.903312
439,32,2,0,19.199919,6.92879,12.27113,0.876412
439,36,2,1,19.301798,6.991202,12.310596,0.948042
439,40,2,2,19.0635,6.926428,12.137072,0.90614
439,44,2,3,19.256817,6.972754,12.284063,0.877042
439,48,3,0,20.129114,7.386271,12.742843,0.878414
439,52,3,1,20.187841,7.450302,12.737538,0.944127
439,56,3,2,19.996748,7.384724,12.612024,0.914787
439,60,3,3,20.162657,7.438838,12.723819,0.952946
802,0,0,0,45.384277,17.506302,27.877977,0.943844
802,4,0,1,19.301384,6.990044,12.311339,0.923512
802,8,0,2,19.218302,6.977622,12.24068,0.924618
802,12,0,3,19.34814,7.00773,12.340411,0.845584
802,16,1,0,19.219404,6.955428,12.263977,0.942352
802,20,1,1,19.383877,7.035984,12.347892,0.911149
802,24,1,2,19.193558,6.975966,12.217592,0.894522
802,28,1,3,19.269154,6.997198,12.271956,0.895249
802,32,2,0,19.248962,6.954142,12.294822,0.96025
802,36,2,1,19.358482,7.014826,12.343657,0.929831
802,40,2,2,19.085175,6.948048,12.137125,0.954523
802,44,2,3,19.208023,6.96278,12.245244,0.937066
802,48,3,0,20.246693,7.456838,12.789853,0.91936
802,52,3,1,20.312143,7.492169,12.819974,0.94886
802,56,3,2,20.026176,7.411831,12.614345,0.951348
802,60,3,3,20.124298,7.446466,12.677832,0.931299
809,0,0,0,45.530857,17.521208,28.00965,0.940998
809,4,0,1,19.244972,6.990398,12.254576,0.900704
809,8,0,2,19.311226,7.002897,12.30833,0.836236
809,12,0,3,19.40892,7.017718,12.391201,0.906968
809,16,1,0,19.3098,6.970377,12.339421,0.96225
809,20,1,1,19.321081,7.0355,12.285582,0.856864
809,24,1,2,19.313515,7.001099,12.312415,0.891772
809,28,1,3,19.333443,7.011842,12.321601,0.918093
809,32,2,0,19.3258,6.970258,12.355541,0.948731
809,36,2,1,19.287651,7.006342,12.28131,0.931391
809,40,2,2,19.186172,6.969616,12.216557,0.920559
809,44,2,3,19.265854,6.986838,12.279017,0.892626
809,48,3,0,20.318583,7.470186,12.848397,0.789132
809,52,3,1,20.259016,7.500408,12.758607,0.907496
809,56,3,2,20.130344,7.44538,12.684963,0.896792
809,60,3,3,20.191938,7.461362,12.730577,0.938188
810,0,0,0,45.397465,17.509352,27.888115,0.933351
810,4,0,1,19.249731,6.995042,12.25469,0.905865
810,8,0,2,19.270445,6.98788,12.282566,0.905139
810,12,0,3,19.253416,6.979575,12.273841,0.879678
810,16,1,0,19.265276,6.96504,12.300237,0.925596
810,20,1,1,19.329271,7.0244,12.304872,0.867474
810,24,1,2,19.262995,6.989273,12.273722,0.928595
810,28,1,3,19.178213,6.974078,12.204136,0.937633
810,32,2,0,19.275091,6.967339,12.307752,0.942629
810,36,2,1,19.323864,7.019336,12.304527,0.893594
810,40,2,2,19.161295,6.968217,12.193076,0.924722
810,44,2,3,19.09657,6.937541,12.159028,0.945476
810,48,3,0,20.267336,7.458501,12.808835,0.903705
810,52,3,1,20.261065,7.501614,12.759451,0.821467
810,56,3,2,20.102955,7.430808,12.672146,0.946358
810,60,3,3,20.048046,7.435718,12.612329,0.915532
811,0,0,0,45.223907,17.48674,27.73717,0.872299
811,4,0,1,19.180687,6.964004,12.216683,0.880661
811,8,0,2,19.303394,7.000283,12.303111,0.898532
811,12,0,3,19.460875,7.036301,12.424574,0.843413
811,16,1,0,19.185724,6.942588,12.243136,0.919781
811,20,1,1,19.296703,7.014992,12.281711,0.885758
811,24,1,2,19.297724,6.991049,12.306675,0.917922
811,28,1,3,19.400566,7.027786,12.37278,0.919453
811,32,2,0,19.21293,6.952646,12.260284,0.894821
811,36,2,1,19.269863,6.995248,12.274616,0.908866
811,40,2,2,19.165958,6.962241,12.203718,0.90395
811,44,2,3,19.304613,6.994886,12.309727,0.914896
811,48,3,0,20.177908,7.428941,12.748967,0.904595
811,52,3,1,20.211542,7.47809,12.733453,0.910639
811,56,3,2,20.11489,7.440832,12.674057,0.896039
811,60,3,3,20.231165,7.479978,12.751184,0.927855
813,0,0,0,45.616547,17.529184,28.08736,0.91662
813,4,0,1,19.253174,6.981664,12.271511,0.848455
813,8,0,2,19.33124,7.000242,12.330997,0.904513
813,12,0,3,19.45403,7.036242,12.417788,0.953204
813,16,1,0,19.3862,6.994282,12.391919,0.916185
813,20,1,1,19.36276,7.038903,12.323858,0.8359
813,24,1,2,19.32453,6.995288,12.329243,0.932016
813,28,1,3,19.374664,7.023399,12.351266,0.946253
813,32,2,0,19.391138,6.988436,12.402701,0.913593
813,36,2,1,19.313864,7.008665,12.305199,0.891137
813,40,2,2,19.193773,6.970168,12.223605,0.944872
813,44,2,3,19.295444,6.991998,12.303445,0.952967
813,48,3,0,20.386,7.480818,12.905182,0.910001
813,52,3,1,20.27841,7.498558,12.779852,0.868466
813,56,3,2,20.127398,7.437306,12.690091,0.945033
813,60,3,3,20.225307,7.475543,12.749763,0.942512
818,0,0,0,45.325836,17.491507,27.834328,0.927704
818,4,0,1,19.315607,6.995338,12.32027,0.933532
818,8,0,2,19.262402,6.991472,12.270929,0.899225
818,12,0,3,19.582703,7.072043,12.510659,0.844918
818,16,1,0,19.248491,6.959074,12.289417,0.949304
818,20,1,1,19.448553,7.052001,12.396555,0.914611
818,24,1,2,19.259241,6.987262,12.271979,0.92039
818,28,1,3,19.511707,7.062418,12.44929,0.884618
818,32,2,0,19.246662,6.948034,12.298627,0.958492
818,36,2,1,19.377512,7.018406,12.359106,0.925561
818,40,2,2,19.138973,6.957349,12.181623,0.917872
818,44,2,3,19.44117,7.033483,12.407687,0.910628
818,48,3,0,20.263226,7.453876,12.809351,0.944144
818,52,3,1,20.325811,7.50601,12.819801,0.953324
818,56,3,2,20.079369,7.437235,12.642133,0.89937
818,60,3,3,20.353493,7.51578,12.837711,0.941643
821,0,0,0,45.694557,17.549734,28.144823,0.970147
821,4,0,1,19.363909,7.012857,12.351052,0.901648
821,8,0,2,19.343847,7.010728,12.333119,0.900932
821,12,0,3,19.453558,7.032437,12.421121,0.922877
821,16,1,0,19.401104,6.994224,12.406879,0.955385
821,20,1,1,19.466402,7.061292,12.405109,0.934597
821,24,1,2,19.354279,7.012595,12.341682,0.894321
821,28,1,3,19.393024,7.026442,12.366583,0.929271
821,32,2,0,19.445671,7.004148,12.441525,0.938622
821,36,2,1,19.430902,7.040298,12.390605,0.92422
821,40,2,2,19.217922,6.986436,12.231485,0.888445
821,44,2,3,19.315569,6.997148,12.31842,0.918933
821,48,3,0,20.418833,7.498307,12.920526,0.894316
821,52,3,1,20.365524,7.519826,12.845698,0.930454
821,56,3,2,20.161827,7.454192,12.707636,0.931007
821,60,3,3,20.235147,7.477301,12.757847,0.918902
825,0,0,0,45.477093,17.522236,27.954857,0.959484
825,4,0,1,19.238586,6.986388,12.252198,0.729762
825,8,0,2,19.285242,6.988926,12.296316,0.925545
825,12,0,3,19.26378,6.984022,12.279758,0.937783
825,16,1,0,19.294548,6.96783,12.326716,0.95887
825,20,1,1,19.349392,7.038297,12.311094,0.82951
825,24,1,2,19.2701,6.991013,12.279086,0.924362
825,28,1,3,19.187836,6.97421,12.213625,0.929494
825,32,2,0,19.331999,6.976705,12.355293,0.939646
825,36,2,1,19.302874,7.017456,12.285418,0.838498
825,40,2,2,19.140253,6.960674,12.179581,0.941484
825,44,2,3,19.114876,6.947392,12.167482,0.942586
825,48,3,0,20.254026,7.450968,12.803058,0.908058
825,52,3,1,20.223976,7.487464,12.736511,0.843409
825,56,3,2,20.082592,7.427462,12.65513,0.953079
825,60,3,3,20.050587,7.43215,12.618438,0.923397
826,0,0,0,45.508446,17.525692,27.982752,0.956239
826,4,0,1,19.261019,6.982134,12.278885,0.896315
826,8,0,2,19.337326,7.012154,12.325172,0.923365
826,12,0,3,19.378368,7.008822,12.369546,0.941784
826,16,1,0,19.337866,6.984818,12.353048,0.945115
826,20,1,1,19.374838,7.047478,12.327359,0.890234
826,24,1,2,19.325739,7.007455,12.318284,0.935052
826,28,1,3,19.31734,7.00736,12.30998,0.944647
826,32,2,0,19.377441,6.99088,12.386561,0.914418
826,36,2,1,19.357185,7.017578,12.339606,0.935637
826,40,2,2,19.208145,6.980811,12.227333,0.959966
826,44,2,3,19.224894,6.966985,12.257909,0.945217
826,48,3,0,20.36264,7.474586,12.888055,0.900345
826,52,3,1,20.296137,7.496104,12.800033,0.949154
826,56,3,2,20.1452,7.443674,12.701526,0.945673
826,60,3,3,20.154585,7.45773,12.696855,0.961703
831,0,0,0,45.119324,17.459457,27.659866,0.963191
831,4,0,1,19.256134,6.986992,12.269141,0.898284
831,8,0,2,19.36923,7.021818,12.347411,0.879917
831,12,0,3,19.473553,7.044473,12.42908,0.946865
831,16,1,0,19.125141,6.923054,12.202087,0.959477
831,20,1,1,19.383766,7.039881,12.343886,0.894418
831,24,1,2,19.373137,7.02219,12.350946,0.885224
831,28,1,3,19.423159,7.034943,12.388215,0.960673
831,32,2,0,19.119806,6.919151,12.200655,0.927581
831,36,2,1,19.299706,7.007954,12.291752,0.926705
831,40,2,2,19.2481,6.993046,12.255055,0.907772
831,44,2,3,19.36954,7.009913,12.359626,0.953487
831,48,3,0,20.103027,7.403794,12.699233,0.916848
831,52,3,1,20.245937,7.486422,12.759517,0.913007
831,56,3,2,20.179813,7.451848,12.727964,0.910724
831,60,3,3,20.279839,7.483948,12.795891,0.95042
836,0,0,0,45.565872,17.52795,28.037924,0.91023
836,4,0,1,19.21646,6.98418,12.23228,0.871374
836,8,0,2,19.322605,7.006614,12.315991,0.939787
836,12,0,3,19.29851,6.986748,12.311761,0.945921
836,16,1,0,19.367737,7.002548,12.365191,0.799567
836,20,1,1,19.345707,7.033568,12.312137,0.850983
836,24,1,2,19.323372,7.009522,12.313848,0.893435
836,28,1,3,19.242931,6.991973,12.250957,0.932296
836,32,2,0,19.394508,6.998176,12.396332,0.916361
836,36,2,1,19.289421,7.006022,12.283398,0.932882
836,40,2,2,19.183558,6.97347,12.210089,0.937255
836,44,2,3,19.187794,6.96901,12.218784,0.94057
836,48,3,0,20.284922,7.453796,12.831126,0.906339
836,52,3,1,20.169954,7.46063,12.709324,0.957444
836,56,3,2,20.129515,7.447675,12.681839,0.942699
836,60,3,3,20.0988,7.437855,12.660945,0.95625
837,0,0,0,45.48416,17.511929,27.972233,0.954724
837,4,0,1,19.424885,7.035552,12.389332,0.752565
837,8,0,2,19.197676,6.973187,12.224489,0.940184
837,12,0,3,19.287592,6.995475,12.292117,0.937717
837,16,1,0,19.328426,6.981992,12.346435,0.95999
837,20,1,1,19.568876,7.090282,12.478594,0.745137
837,24,1,2,19.192743,6.97312,12.219624,0.922981
837,28,1,3,19.208355,6.993221,12.215135,0.903182
837,32,2,0,19.334423,6.982956,12.351466,0.936753
837,36,2,1,19.50061,7.062682,12.437927,0.839208
837,40,2,2,19.05157,6.940716,12.110855,0.958151
837,44,2,3,19.158108,6.972656,12.185453,0.875281
837,48,3,0,20.249596,7.442364,12.807231,0.907142
837,52,3,1,20.373486,7.518734,12.854753,0.861633
837,56,3,2,20.00151,7.406332,12.595179,0.972462
837,60,3,3,20.140629,7.495894,12.644734,0.494195
1204,0,0,0,45.185276,17.475721,27.709555,0.857576
1204,4,0,1,19.135616,6.949414,12.186202,0.95309
1204,8,0,2,19.174713,6.97342,12.201294,0.905345
1204,12,0,3,19.322285,7.00238,12.319906,0.869874
1204,16,1,0,19.1658,6.938575,12.227225,0.915672
1204,20,1,1,19.25106,6.996851,12.25421,0.951802
1204,24,1,2,19.174265,6.968109,12.206154,0.915202
1204,28,1,3,19.258854,6.995474,12.263381,0.889778
1204,32,2,0,19.195498,6.939926,12.25557,0.896006
1204,36,2,1,19.217943,6.974478,12.243464,0.95894
1204,40,2,2,19.084005,6.945427,12.138578,0.917317
1204,44,2,3,19.195969,6.96578,12.230187,0.883798
1204,48,3,0,20.1883,7.43007,12.758229,0.9355
1204,52,3,1,20.199055,7.463191,12.735863,0.966146
1204,56,3,2,20.02533,7.404796,12.620534,0.91682
1204,60,3,3,20.125767,7.441562,12.684205,0.902543
1205,0,0,0,45.146004,17.463766,27.682238,0.889171
1205,4,0,1,19.088068,6.939487,12.148581,0.943931
1205,8,0,2,19.181513,6.964118,12.217394,0.891445
1205,12,0,3,19.19875,6.974601,12.224148,0.838195
1205,16,1,0,19.1313,6.925812,12.205488,0.940013
1205,20,1,1,19.219696,6.997009,12.222687,0.943794
1205,24,1,2,19.172064,6.97017,12.201894,0.876312
1205,28,1,3,19.127125,6.965625,12.161501,0.901194
1205,32,2,0,19.1584,6.92623,12.232169,0.914078
1205,36,2,1,19.192204,6.974798,12.217405,0.924109
1205,40,2,2,19.071392,6.936174,12.135218,0.877831
1205,44,2,3,19.068413,6.92884,12.139574,0.897689
1205,48,3,0,20.174614,7.428524,12.74609,0.947692
1205,52,3,1,20.162123,7.45946,12.702663,0.932627
1205,56,3,2,20.001156,7.400923,12.600233,0.894985
1205,60,3,3,20.01388,7.41568,12.5982,0.913994
1211,0,0,0,45.13646,17.4824,27.654058,0.948282
1211,4,0,1,19.12911,6.95186,12.177251,0.903169
1211,8,0,2,19.31185,7.001508,12.310342,0.950077
1211,12,0,3,19.221428,6.979714,12.241714,0.891174
1211,16,1,0,19.169174,6.942878,12.226297,0.962091
1211,20,1,1,19.275139,7.01828,12.256859,0.849853
1211,24,1,2,19.313082,7.002479,12.310602,0.952687
1211,28,1,3,19.147644,6.973554,12.174089,0.930268
1211,32,2,0,19.195293,6.943791,12.251502,0.944509
1211,36,2,1,19.233454,6.990645,12.242809,0.924379
1211,40,2,2,19.21748,6.971356,12.246124,0.972467
1211,44,2,3,19.110249,6.94574,12.164508,0.917194
1211,48,3,0,20.16928,7.428227,12.741052,0.906072
1211,52,3,1,20.185501,7.466525,12.718977,0.906533
1211,56,3,2,20.163006,7.44124,12.721766,0.934324
1211,60,3,3,20.049046,7.424782,12.624265,0.901593
1215,0,0,0,45.296967,17.485376,27.81159,0.893523
1215,4,0,1,19.105242,6.946407,12.158834,0.918031
1215,8,0,2,19.35867,7.018312,12.340358,0.95218
1215,12,0,3,19.182274,6.960357,12.221916,0.886751
1215,16,1,0,19.244757,6.961899,12.282858,0.900978
1215,20,1,1,19.261637,7.017491,12.244146,0.876011
1215,24,1,2,19.37244,7.01627,12.35617,0.919766
1215,28,1,3,19.120586,6.957609,12.162977,0.92039
1215,32,2,0,19.296774,6.962776,12.333999,0.922017
1215,36,2,1,19.242207,6.995362,12.246844,0.929419
1215,40,2,2,19.28285,6.99957,12.28328,0.887244
1215,44,2,3,19.066296,6.925758,12.140537,0.855242
1215,48,3,0,20.288885,7.45785,12.831036,0.871584
1215,52,3,1,20.180492,7.4671,12.713393,0.926614
1215,56,3,2,20.195158,7.452296,12.742862,0.89484
1215,60,3,3,19.997658,7.403932,12.593725,0.92265
1216,0,0,0,45.21444,17.476595,27.737846,0.907174
1216,4,0,1,19.355478,7.010546,12.344933,0.888909
1216,8,0,2,19.354828,7.00837,12.346457,0.929389
1216,12,0,3,19.342785,7.01532,12.327465,0.906244
1216,16,1,0,19.193504,6.953974,12.239532,0.83064
1216,20,1,1,19.519096,7.071628,12.447469,0.87858
1216,24,1,2,19.35904,7.01321,12.34583,0.930832
1216,28,1,3,19.286758,7.0077,12.279058,0.933327
1216,32,2,0,19.201204,6.929432,12.271772,0.948894
1216,36,2,1,19.459015,7.035838,12.423176,0.91035
1216,40,2,2,19.257229,6.988252,12.268976,0.953924
1216,44,2,3,19.23152,6.977936,12.253584,0.939414
1216,48,3,0,20.216646,7.429202,12.787443,0.952501
1216,52,3,1,20.402649,7.5212,12.881446,0.947252
1216,56,3,2,20.181366,7.447706,12.733659,0.950123
1216,60,3,3,20.17784,7.468002,12.709838,0.856145
1218,0,0,0,45.40249,17.518772,27.883718,0.942871
1218,4,0,1,19.261501,7.003258,12.258244,0.846657
1218,8,0,2,19.283405,6.988835,12.29457,0.961918
1218,12,0,3,19.602333,7.054188,12.548148,0.925402
1218,16,1,0,19.305696,6.972802,12.332895,0.957452
1218,20,1,1,19.389957,7.039536,12.350421,0.916669
1218,24,1,2,19.285679,6.991823,12.293856,0.972547
1218,28,1,3,19.55949,7.05424,12.505251,0.923171
1218,32,2,0,19.341366,6.971874,12.369492,0.931625
1218,36,2,1,19.352596,7.013302,12.339293,0.939619
1218,40,2,2,19.204296,6.969845,12.234451,0.94634
1218,44,2,3,19.48929,7.020006,12.469284,0.927165
1218,48,3,0,20.34431,7.466444,12.877866,0.864166
1218,52,3,1,20.306828,7.496541,12.810287,0.912982
1218,56,3,2,20.141464,7.437976,12.703489,0.927629
1218,60,3,3,20.39902,7.519172,12.879847,0.591747
1219,0,0,0,45.479958,17.50589,27.974066,0.936372
1219,4,0,1,19.131573,6.95424,12.177332,0.94158
1219,8,0,2,19.296255,7.000356,12.295898,0.839354
1219,12,0,3,19.367783,7.017258,12.350524,0.872557
1219,16,1,0,19.33717,6.974628,12.362541,0.95342
1219,20,1,1,19.286827,7.016686,12.270141,0.923022
1219,24,1,2,19.303295,6.996526,12.306768,0.891594
1219,28,1,3,19.315355,7.010802,12.304553,0.897496
1219,32,2,0,19.370123,6.980784,12.389337,0.917452
1219,36,2,1,19.257948,7.000242,12.257705,0.947788
1219,40,2,2,19.215696,6.985733,12.229963,0.805329
1219,44,2,3,19.256495,6.978019,12.278475,0.904456
1219,48,3,0,20.33684,7.463128,12.873712,0.896934
1219,52,3,1,20.226109,7.479532,12.746576,0.932958
1219,56,3,2,20.15056,7.435426,12.715134,0.928149
1219,60,3,3,20.188301,7.461446,12.726857,0.879476
1222,0,0,0,45.26126,17.487986,27.773275,0.914979
1222,4,0,1,19.141436,6.948279,12.193156,0.905351
1222,8,0,2,19.187477,6.965072,12.222406,0.94506
1222,12,0,3,19.306665,7.00229,12.304375,0.915928
1222,16,1,0,19.230354,6.951174,12.279181,0.974905
1222,20,1,1,19.27246,7.002284,12.270175,0.937184
1222,24,1,2,19.187115,6.96626,12.220856,0.954866
1222,28,1,3,19.24511,6.992806,12.252304,0.942833
1222,32,2,0,19.28672,6.961918,12.324802,0.916511
1222,36,2,1,19.278448,6.991943,12.286505,0.971598
1222,40,2,2,19.094906,6.938844,12.156061,0.95282
1222,44,2,3,19.190592,6.960245,12.230347,0.952592
1222,48,3,0,20.250114,7.439992,12.810123,0.860712
1222,52,3,1,20.206503,7.464904,12.7416,0.947546
1222,56,3,2,20.024252,7.399194,12.625058,0.956137
1222,60,3,3,20.126383,7.444626,12.681757,0.922226
1231,0,0,0,45.294167,17.477827,27.816338,0.927362
1231,4,0,1,19.243696,6.984652,12.259044,0.89021
1231,8,0,2,19.201992,6.97788,12.224113,0.8701
1231,12,0,3,19.304234,7.002737,12.301496,0.802482
1231,16,1,0,19.251883,6.954514,12.297368,0.964205
1231,20,1,1,19.379705,7.039171,12.340534,0.934654
1231,24,1,2,19.208748,6.980368,12.228379,0.92008
1231,28,1,3,19.245636,6.997,12.248635,0.818807
1231,32,2,0,19.245531,6.944636,12.300896,0.958787
1231,36,2,1,19.332497,7.011094,12.321402,0.955633
1231,40,2,2,19.09202,6.944432,12.147588,0.94879
1231,44,2,3,19.1957,6.967945,12.227755,0.849559
1231,48,3,0,20.216578,7.418866,12.797711,0.92614
1231,52,3,1,20.264977,7.484302,12.780675,0.884855
1231,56,3,2,20.031013,7.412983,12.61803,0.873416
1231,60,3,3,20.121841,7.445348,12.676494,0.903733
1237,0,0,0,45.58425,17.536299,28.04795,0.910305
1237,4,0,1,19.111423,6.949774,12.16165,0.943329
1237,8,0,2,19.326397,7.00428,12.322117,0.923828
1237,12,0,3,19.27252,6.994438,12.278083,0.861037
1237,16,1,0,19.373436,6.996238,12.377196,0.933161
1237,20,1,1,19.261646,7.020206,12.24144,0.958654
1237,24,1,2,19.336147,7.005797,12.33035,0.921801
1237,28,1,3,19.203484,6.98953,12.213952,0.820561
1237,32,2,0,19.38002,6.984597,12.395424,0.932128
1237,36,2,1,19.207903,6.980324,12.227577,0.96221
1237,40,2,2,19.220064,6.978044,12.242021,0.922891
1237,44,2,3,19.130823,6.95134,12.179483,0.886372
1237,48,3,0,20.337868,7.462872,12.874994,0.909351
1237,52,3,1,20.143139,7.44832,12.694819,0.979846
1237,56,3,2,20.14696,7.436472,12.710487,0.950521
1237,60,3,3,20.07727,7.442412,12.634858,0.852702
1238,0,0,0,45.551495,17.527885,28.02361,0.945991
1238,4,0,1,19.221455,6.97348,12.247975,0.921361
1238,8,0,2,19.236132,6.97898,12.257153,0.945238
1238,12,0,3,19.261278,6.993434,12.267843,0.903877
1238,16,1,0,19.352732,6.988916,12.363816,0.907204
1238,20,1,1,19.34252,7.030694,12.311827,0.917774
1238,24,1,2,19.241495,6.98456,12.256935,0.928398
1238,28,1,3,19.179653,6.975877,12.203777,0.931204
1238,32,2,0,19.377638,6.986219,12.391418,0.934141
1238,36,2,1,19.329182,7.014146,12.315036,0.921601
1238,40,2,2,19.141153,6.953916,12.187237,0.967224
1238,44,2,3,19.136177,6.951222,12.184957,0.949393
1238,48,3,0,20.345959,7.46866,12.8773,0.863211
1238,52,3,1,20.247892,7.477514,12.770378,0.943772
1238,56,3,2,20.074593,7.415213,12.659379,0.972744
1238,60,3,3,20.059229,7.434134,12.625095,0.936045
